{
  "version": "v0.1.0",
  "news": [
    {
      "title": "Asteroids 101",
      "image": "https://via.placeholder.com/200x100"
    },
    {
      "title": "Life on Mars",
      "image": "https://via.placeholder.com/200x100/BC2731/ff4400"
    },
    {
      "title": "Martians invade Earth",
      "image": "https://via.placeholder.com/200x100/BC2731/ff4400"
    },
    {
      "title": "Humans aren't real",
      "image": "https://via.placeholder.com/200x100"
    },
    {
      "title": "Space The Final Frontier",
      "image": "https://via.placeholder.com/200x100"
    }
  ]
}
